{
  "repeats": 4,
  "limit": 128,
  "protocol": "native",
  "router_mode": "ff_router",
  "router_model": "qwen3-4b-blind-ff-17k",
  "runs": [
    {
      "run": 1,
      "live_baseline_em": 0.421875,
      "router_em": 0.5078125,
      "delta_pp": 8.59375,
      "n": 128,
      "router_only_correct": 15,
      "baseline_only_correct": 4,
      "mcnemar_p": 0.0192108154296875
    },
    {
      "run": 2,
      "live_baseline_em": 0.4375,
      "router_em": 0.515625,
      "delta_pp": 7.8125,
      "n": 128,
      "router_only_correct": 17,
      "baseline_only_correct": 7,
      "mcnemar_p": 0.06391465663909912
    },
    {
      "run": 3,
      "live_baseline_em": 0.4140625,
      "router_em": 0.5,
      "delta_pp": 8.59375,
      "n": 128,
      "router_only_correct": 16,
      "baseline_only_correct": 5,
      "mcnemar_p": 0.02660369873046875
    },
    {
      "run": 4,
      "live_baseline_em": 0.40625,
      "router_em": 0.5390625,
      "delta_pp": 13.28125,
      "n": 128,
      "router_only_correct": 20,
      "baseline_only_correct": 3,
      "mcnemar_p": 0.00048828125
    }
  ],
  "live_baseline_em_mean": 0.419921875,
  "live_baseline_em_std": 0.011554843326366438,
  "router_em_mean": 0.515625,
  "router_em_std": 0.014615849167085708,
  "delta_pp_mean": 9.5703125,
  "delta_pp_std": 2.166120411408089,
  "delta_pp_all_positive": true
}